MAS: Financial Database - Domestic Interest Rates,,,,
,,,,
Domestic Interest Rates (Daily),,,,
Jan 2018 to May 2025,,,,
,,,,
,,,,
SORA Value Date,,,SORA Publication Date,SORA
2018,Jan,2,3-Jan-18,0.7915
,,3,4-Jan-18,1.0355
,,4,5-Jan-18,0.6058
,,5,8-Jan-18,0.3425
,,8,9-Jan-18,0.0458
,,9,10-Jan-18,0.056
,,10,11-Jan-18,0.1294
,,11,12-Jan-18,0.066
,,12,15-Jan-18,0.4538
,,15,16-Jan-18,0.1639
,,16,17-Jan-18,0.0973
,,17,18-Jan-18,0.138
,,18,19-Jan-18,0.0868
,,19,22-Jan-18,0.6715
,,22,23-Jan-18,0.6374
,,23,24-Jan-18,0.1786
,,24,25-Jan-18,0.1183
,,25,26-Jan-18,0.0602
,,26,29-Jan-18,0.1977
,,29,30-Jan-18,0.2863
,,30,31-Jan-18,0.6653
,,31,1-Feb-18,0.8294
,Feb,1,2-Feb-18,0.7742
,,2,5-Feb-18,0.9899
,,5,6-Feb-18,0.5491
,,6,7-Feb-18,0.6143
,,7,8-Feb-18,0.6509
,,8,9-Feb-18,0.8123
,,9,12-Feb-18,1.3314
,,12,13-Feb-18,1.391
,,13,14-Feb-18,1.1126
,,14,15-Feb-18,0.6005
,,15,19-Feb-18,0.5852
,,19,20-Feb-18,0.7581
,,20,21-Feb-18,0.916
,,21,22-Feb-18,1.1141
,,22,23-Feb-18,1.2325
,,23,26-Feb-18,1.5934
,,26,27-Feb-18,1.6497
,,27,28-Feb-18,1.5178
,,28,1-Mar-18,0.5943
,Mar,1,2-Mar-18,0.3726
,,2,5-Mar-18,0.5802
,,5,6-Mar-18,0.8453
,,6,7-Mar-18,0.7439
,,7,8-Mar-18,0.9541
,,8,9-Mar-18,0.8161
,,9,12-Mar-18,0.8321
,,12,13-Mar-18,0.7758
,,13,14-Mar-18,0.5956
,,14,15-Mar-18,0.5853
,,15,16-Mar-18,0.5777
,,16,19-Mar-18,0.2856
,,19,20-Mar-18,0.5764
,,20,21-Mar-18,0.671
,,21,22-Mar-18,0.9127
,,22,23-Mar-18,0.7604
,,23,26-Mar-18,0.7599
,,26,27-Mar-18,0.6705
,,27,28-Mar-18,0.7152
,,28,29-Mar-18,0.5858
,,29,2-Apr-18,0.7834
,Apr,2,3-Apr-18,0.6773
,,3,4-Apr-18,0.5953
,,4,5-Apr-18,0.4255
,,5,6-Apr-18,0.1524
,,6,9-Apr-18,0.1727
,,9,10-Apr-18,0.1867
,,10,11-Apr-18,0.2671
,,11,12-Apr-18,0.2775
,,12,13-Apr-18,0.2905
,,13,16-Apr-18,0.3699
,,16,17-Apr-18,0.3521
,,17,18-Apr-18,0.3924
,,18,19-Apr-18,0.4361
,,19,20-Apr-18,1.0692
,,20,23-Apr-18,1.3329
,,23,24-Apr-18,1.1291
,,24,25-Apr-18,0.8744
,,25,26-Apr-18,0.8638
,,26,27-Apr-18,0.9956
,,27,30-Apr-18,1.756
,,30,2-May-18,1.4725
,May,2,3-May-18,1.1115
,,3,4-May-18,1.0984
,,4,7-May-18,1.1747
,,7,8-May-18,1.3977
,,8,9-May-18,1.5624
,,9,10-May-18,1.5366
,,10,11-May-18,0.9983
,,11,14-May-18,0.8759
,,14,15-May-18,0.9905
,,15,16-May-18,0.7019
,,16,17-May-18,0.6264
,,17,18-May-18,0.4188
,,18,21-May-18,0.4564
,,21,22-May-18,0.6761
,,22,23-May-18,0.6852
,,23,24-May-18,1.2815
,,24,25-May-18,1.0365
,,25,28-May-18,1.4118
,,28,30-May-18,1.5135
,,30,31-May-18,1.5544
,,31,1-Jun-18,1.1205
,Jun,1,4-Jun-18,0.9958
,,4,5-Jun-18,1.431
,,5,6-Jun-18,1.5185
,,6,7-Jun-18,1.4606
,,7,8-Jun-18,1.0974
,,8,11-Jun-18,1.1256
,,11,12-Jun-18,1.0994
,,12,13-Jun-18,0.789
,,13,14-Jun-18,0.5849
,,14,18-Jun-18,0.7504
,,18,19-Jun-18,0.5232
,,19,20-Jun-18,0.4036
,,20,21-Jun-18,0.4929
,,21,22-Jun-18,0.5651
,,22,25-Jun-18,0.4658
,,25,26-Jun-18,0.6866
,,26,27-Jun-18,0.9323
,,27,28-Jun-18,0.8223
,,28,29-Jun-18,0.8296
,,29,2-Jul-18,1.3426
,Jul,2,3-Jul-18,0.9918
,,3,4-Jul-18,0.916
,,4,5-Jul-18,0.8344
,,5,6-Jul-18,0.8786
,,6,9-Jul-18,1.4412
,,9,10-Jul-18,1.4302
,,10,11-Jul-18,1.4064
,,11,12-Jul-18,1.3745
,,12,13-Jul-18,1.2384
,,13,16-Jul-18,1.1951
,,16,17-Jul-18,1.1635
,,17,18-Jul-18,0.7706
,,18,19-Jul-18,0.8579
,,19,20-Jul-18,0.9735
,,20,23-Jul-18,1.0492
,,23,24-Jul-18,1.4072
,,24,25-Jul-18,1.4046
,,25,26-Jul-18,0.9908
,,26,27-Jul-18,1.1911
,,27,30-Jul-18,1.4968
,,30,31-Jul-18,1.5623
,,31,1-Aug-18,1.7311
,Aug,1,2-Aug-18,1.8083
,,2,3-Aug-18,1.6714
,,3,6-Aug-18,1.8187
,,6,7-Aug-18,1.8285
,,7,8-Aug-18,1.4463
,,8,10-Aug-18,1.3192
,,10,13-Aug-18,1.4192
,,13,14-Aug-18,1.7705
,,14,15-Aug-18,1.4315
,,15,16-Aug-18,1.6876
,,16,17-Aug-18,1.0175
,,17,20-Aug-18,0.8028
,,20,21-Aug-18,0.7479
,,21,23-Aug-18,1.224
,,23,24-Aug-18,1.1864
,,24,27-Aug-18,1.546
,,27,28-Aug-18,1.5029
,,28,29-Aug-18,1.3932
,,29,30-Aug-18,1.358
,,30,31-Aug-18,1.1073
,,31,3-Sept-18,1.0628
,Sep,3,4-Sept-18,0.9531
,,4,5-Sept-18,1.0603
,,5,6-Sept-18,0.6039
,,6,7-Sept-18,0.68
,,7,10-Sept-18,0.7885
,,10,11-Sept-18,0.6444
,,11,12-Sept-18,0.6249
,,12,13-Sept-18,0.8635
,,13,14-Sept-18,0.8372
,,14,17-Sept-18,1.0121
,,17,18-Sept-18,1.2431
,,18,19-Sept-18,1.2587
,,19,20-Sept-18,1.3053
,,20,21-Sept-18,1.3883
,,21,24-Sept-18,1.4172
,,24,25-Sept-18,1.1161
,,25,26-Sept-18,1.2211
,,26,27-Sept-18,1.0801
,,27,28-Sept-18,1.011
,,28,1-Oct-18,1.1084
,Oct,1,2-Oct-18,1.1854
,,2,3-Oct-18,1.0854
,,3,4-Oct-18,1.1103
,,4,5-Oct-18,1.273
,,5,8-Oct-18,1.2754
,,8,9-Oct-18,1.0762
,,9,10-Oct-18,1.1576
,,10,11-Oct-18,1.0035
,,11,12-Oct-18,1.1007
,,12,15-Oct-18,1.1695
,,15,16-Oct-18,1.1025
,,16,17-Oct-18,0.941
,,17,18-Oct-18,1.0147
,,18,19-Oct-18,1.1154
,,19,22-Oct-18,1.3026
,,22,23-Oct-18,1.2159
,,23,24-Oct-18,1.2068
,,24,25-Oct-18,1.3389
,,25,26-Oct-18,1.3532
,,26,29-Oct-18,1.2862
,,29,30-Oct-18,1.3056
,,30,31-Oct-18,1.3336
,,31,1-Nov-18,1.4498
,Nov,1,2-Nov-18,1.5274
,,2,5-Nov-18,1.5642
,,5,7-Nov-18,1.3473
,,7,8-Nov-18,1.2537
,,8,9-Nov-18,1.2862
,,9,12-Nov-18,1.263
,,12,13-Nov-18,1.2342
,,13,14-Nov-18,1.2595
,,14,15-Nov-18,1.1703
,,15,16-Nov-18,1.4816
,,16,19-Nov-18,1.8768
,,19,20-Nov-18,1.9294
,,20,21-Nov-18,1.5162
,,21,22-Nov-18,1.7144
,,22,23-Nov-18,1.5247
,,23,26-Nov-18,1.5637
,,26,27-Nov-18,1.462
,,27,28-Nov-18,1.3705
,,28,29-Nov-18,1.3427
,,29,30-Nov-18,1.8059
,,30,3-Dec-18,1.9655
,Dec,3,4-Dec-18,1.8987
,,4,5-Dec-18,1.6113
,,5,6-Dec-18,1.2463
,,6,7-Dec-18,0.4604
,,7,10-Dec-18,1.1288
,,10,11-Dec-18,1.1137
,,11,12-Dec-18,1.3151
,,12,13-Dec-18,1.6167
,,13,14-Dec-18,1.5868
,,14,17-Dec-18,1.5526
,,17,18-Dec-18,1.4564
,,18,19-Dec-18,1.5719
,,19,20-Dec-18,1.9044
,,20,21-Dec-18,2.0203
,,21,24-Dec-18,2.0633
,,24,26-Dec-18,1.9447
,,26,27-Dec-18,2.1772
,,27,28-Dec-18,1.7089
,,28,31-Dec-18,1.846
,,31,2-Jan-19,1.7645
,,,,
,,,,
SORA Value Date,,,SORA Publication Date,SORA
2019,Jan,2,3-Jan-19,1.2781
,,3,4-Jan-19,0.9545
,,4,7-Jan-19,1.264
,,7,8-Jan-19,1.147
,,8,9-Jan-19,1.1236
,,9,10-Jan-19,1.1964
,,10,11-Jan-19,1.0776
,,11,14-Jan-19,1.1299
,,14,15-Jan-19,1.1263
,,15,16-Jan-19,1.0919
,,16,17-Jan-19,1.3666
,,17,18-Jan-19,1.5422
,,18,21-Jan-19,1.6371
,,21,22-Jan-19,1.4506
,,22,23-Jan-19,1.7363
,,23,24-Jan-19,1.8543
,,24,25-Jan-19,1.9116
,,25,28-Jan-19,1.7582
,,28,29-Jan-19,1.8305
,,29,30-Jan-19,1.89
,,30,31-Jan-19,1.9188
,,31,1-Feb-19,1.8978
,Feb,1,4-Feb-19,1.6472
,,4,7-Feb-19,1.7538
,,7,8-Feb-19,1.6384
,,8,11-Feb-19,1.8156
,,11,12-Feb-19,1.7735
,,12,13-Feb-19,1.7882
,,13,14-Feb-19,1.7162
,,14,15-Feb-19,1.6528
,,15,18-Feb-19,1.5548
,,18,19-Feb-19,1.558
,,19,20-Feb-19,1.7053
,,20,21-Feb-19,1.5467
,,21,22-Feb-19,1.5324
,,22,25-Feb-19,1.707
,,25,26-Feb-19,1.6459
,,26,27-Feb-19,1.5746
,,27,28-Feb-19,1.4256
,,28,1-Mar-19,1.6556
,Mar,1,4-Mar-19,1.8033
,,4,5-Mar-19,1.4282
,,5,6-Mar-19,1.3116
,,6,7-Mar-19,1.2044
,,7,8-Mar-19,1.2488
,,8,11-Mar-19,1.099
,,11,12-Mar-19,1.1414
,,12,13-Mar-19,1.0192
,,13,14-Mar-19,1.0662
,,14,15-Mar-19,1.0579
,,15,18-Mar-19,1.2407
,,18,19-Mar-19,1.2236
,,19,20-Mar-19,1.4223
,,20,21-Mar-19,1.5833
,,21,22-Mar-19,1.6409
,,22,25-Mar-19,1.6422
,,25,26-Mar-19,1.5807
,,26,27-Mar-19,1.6774
,,27,28-Mar-19,1.8564
,,28,29-Mar-19,1.8534
,,29,1-Apr-19,2.2358
,Apr,1,2-Apr-19,1.5456
,,2,3-Apr-19,1.5339
,,3,4-Apr-19,1.4935
,,4,5-Apr-19,1.4388
,,5,8-Apr-19,1.7328
,,8,9-Apr-19,1.787
,,9,10-Apr-19,1.7875
,,10,11-Apr-19,1.7077
,,11,12-Apr-19,1.6421
,,12,15-Apr-19,1.6636
,,15,16-Apr-19,1.6009
,,16,17-Apr-19,1.6481
,,17,18-Apr-19,1.6017
,,18,22-Apr-19,1.7528
,,22,23-Apr-19,1.7772
,,23,24-Apr-19,1.7087
,,24,25-Apr-19,1.694
,,25,26-Apr-19,1.766
,,26,29-Apr-19,1.6678
,,29,30-Apr-19,1.8593
,,30,2-May-19,2.0791
,May,2,3-May-19,1.9441
,,3,6-May-19,1.9643
,,6,7-May-19,1.9961
,,7,8-May-19,2.1542
,,8,9-May-19,1.99
,,9,10-May-19,1.7012
,,10,13-May-19,1.7954
,,13,14-May-19,1.6964
,,14,15-May-19,1.8553
,,15,16-May-19,1.7315
,,16,17-May-19,1.8167
,,17,21-May-19,2.039
,,21,22-May-19,1.695
,,22,23-May-19,1.7432
,,23,24-May-19,1.4486
,,24,27-May-19,1.7018
,,27,28-May-19,1.673
,,28,29-May-19,1.8282
,,29,30-May-19,1.914
,,30,31-May-19,1.5849
,,31,3-Jun-19,1.8757
,Jun,3,4-Jun-19,1.786
,,4,6-Jun-19,1.6102
,,6,7-Jun-19,1.3635
,,7,10-Jun-19,1.9579
,,10,11-Jun-19,1.9555
,,11,12-Jun-19,2.1023
,,12,13-Jun-19,1.8346
,,13,14-Jun-19,1.1671
,,14,17-Jun-19,1.2907
,,17,18-Jun-19,1.2541
,,18,19-Jun-19,1.3965
,,19,20-Jun-19,1.2413
,,20,21-Jun-19,1.2634
,,21,24-Jun-19,1.5855
,,24,25-Jun-19,1.5577
,,25,26-Jun-19,1.4176
,,26,27-Jun-19,1.3439
,,27,28-Jun-19,1.4207
,,28,1-Jul-19,1.673
,Jul,1,2-Jul-19,1.5492
,,2,3-Jul-19,1.5807
,,3,4-Jul-19,1.5546
,,4,5-Jul-19,1.3368
,,5,8-Jul-19,1.5244
,,8,9-Jul-19,1.4361
,,9,10-Jul-19,1.4389
,,10,11-Jul-19,1.4191
,,11,12-Jul-19,1.2798
,,12,15-Jul-19,1.3533
,,15,16-Jul-19,1.373
,,16,17-Jul-19,1.3579
,,17,18-Jul-19,1.4758
,,18,19-Jul-19,1.5818
,,19,22-Jul-19,1.7574
,,22,23-Jul-19,1.7604
,,23,24-Jul-19,1.6938
,,24,25-Jul-19,1.6323
,,25,26-Jul-19,1.5729
,,26,29-Jul-19,1.6436
,,29,30-Jul-19,1.7231
,,30,31-Jul-19,1.9407
,,31,1-Aug-19,1.9413
,Aug,1,2-Aug-19,1.6926
,,2,5-Aug-19,1.7049
,,5,6-Aug-19,1.7662
,,6,7-Aug-19,1.8936
,,7,8-Aug-19,1.6249
,,8,13-Aug-19,1.8084
,,13,14-Aug-19,1.6639
,,14,15-Aug-19,1.6949
,,15,16-Aug-19,1.5082
,,16,19-Aug-19,1.6281
,,19,20-Aug-19,1.4024
,,20,21-Aug-19,1.2771
,,21,22-Aug-19,1.3259
,,22,23-Aug-19,1.2491
,,23,26-Aug-19,1.286
,,26,27-Aug-19,1.3413
,,27,28-Aug-19,1.4376
,,28,29-Aug-19,1.6368
,,29,30-Aug-19,1.9107
,,30,2-Sept-19,1.7441
,Sep,2,3-Sept-19,1.4403
,,3,4-Sept-19,1.5036
,,4,5-Sept-19,1.511
,,5,6-Sept-19,1.5743
,,6,9-Sept-19,1.6121
,,9,10-Sept-19,1.7302
,,10,11-Sept-19,1.6328
,,11,12-Sept-19,1.6192
,,12,13-Sept-19,1.4631
,,13,16-Sept-19,1.4859
,,16,17-Sept-19,1.5503
,,17,18-Sept-19,1.4199
,,18,19-Sept-19,1.1938
,,19,20-Sept-19,0.749
,,20,23-Sept-19,0.6849
,,23,24-Sept-19,0.7375
,,24,25-Sept-19,1.2017
,,25,26-Sept-19,1.5154
,,26,27-Sept-19,1.5821
,,27,30-Sept-19,1.5874
,,30,1-Oct-19,1.7204
,Oct,1,2-Oct-19,1.4092
,,2,3-Oct-19,1.4611
,,3,4-Oct-19,1.3062
,,4,7-Oct-19,1.1102
,,7,8-Oct-19,1.117
,,8,9-Oct-19,0.9774
,,9,10-Oct-19,1.06
,,10,11-Oct-19,1.1568
,,11,14-Oct-19,1.2871
,,14,15-Oct-19,1.0672
,,15,16-Oct-19,1.0975
,,16,17-Oct-19,1.2266
,,17,18-Oct-19,1.2593
,,18,21-Oct-19,1.2586
,,21,22-Oct-19,1.3364
,,22,23-Oct-19,1.4067
,,23,24-Oct-19,1.5925
,,24,25-Oct-19,1.4978
,,25,29-Oct-19,1.7417
,,29,30-Oct-19,1.73
,,30,31-Oct-19,1.6836
,,31,1-Nov-19,1.6432
,Nov,1,4-Nov-19,1.338
,,4,5-Nov-19,1.0749
,,5,6-Nov-19,0.8751
,,6,7-Nov-19,0.7925
,,7,8-Nov-19,0.5491
,,8,11-Nov-19,0.7595
,,11,12-Nov-19,0.6814
,,12,13-Nov-19,0.9573
,,13,14-Nov-19,0.9095
,,14,15-Nov-19,0.9153
,,15,18-Nov-19,1.1029
,,18,19-Nov-19,1.044
,,19,20-Nov-19,1.0882
,,20,21-Nov-19,1.3661
,,21,22-Nov-19,1.5404
,,22,25-Nov-19,1.5447
,,25,26-Nov-19,1.5496
,,26,27-Nov-19,1.5313
,,27,28-Nov-19,1.4054
,,28,29-Nov-19,1.4213
,,29,2-Dec-19,1.6264
,Dec,2,3-Dec-19,1.5192
,,3,4-Dec-19,1.2475
,,4,5-Dec-19,1.1507
,,5,6-Dec-19,1.2829
,,6,9-Dec-19,1.3218
,,9,10-Dec-19,1.369
,,10,11-Dec-19,1.3442
,,11,12-Dec-19,1.2755
,,12,13-Dec-19,1.0079
,,13,16-Dec-19,1.1518
,,16,17-Dec-19,0.6668
,,17,18-Dec-19,0.4863
,,18,19-Dec-19,0.2698
,,19,20-Dec-19,0.9469
,,20,23-Dec-19,1.4292
,,23,24-Dec-19,1.9062
,,24,26-Dec-19,1.9185
,,26,27-Dec-19,1.3502
,,27,30-Dec-19,1.1994
,,30,31-Dec-19,1.0252
,,31,2-Jan-20,1.3562
,,,,
,,,,
SORA Value Date,,,SORA Publication Date,SORA
2020,Jan,2,3-Jan-20,1.6813
,,3,6-Jan-20,1.2271
,,6,7-Jan-20,0.9619
,,7,8-Jan-20,1.0309
,,8,9-Jan-20,1.0006
,,9,10-Jan-20,1.0299
,,10,13-Jan-20,1.181
,,13,14-Jan-20,1.0595
,,14,15-Jan-20,0.8209
,,15,16-Jan-20,0.8514
,,16,17-Jan-20,0.9215
,,17,20-Jan-20,1.1806
,,20,21-Jan-20,0.7793
,,21,22-Jan-20,1.0474
,,22,23-Jan-20,1.0442
,,23,24-Jan-20,1.0101
,,24,28-Jan-20,1.2578
,,28,29-Jan-20,1.1813
,,29,30-Jan-20,1.0807
,,30,31-Jan-20,1.3564
,,31,3-Feb-20,1.6492
,Feb,3,4-Feb-20,1.471
,,4,5-Feb-20,1.1359
,,5,6-Feb-20,1.1134
,,6,7-Feb-20,0.9655
,,7,10-Feb-20,0.7943
,,10,11-Feb-20,0.9541
,,11,12-Feb-20,0.833
,,12,13-Feb-20,0.7835
,,13,14-Feb-20,0.9036
,,14,17-Feb-20,1.065
,,17,18-Feb-20,0.9734
,,18,19-Feb-20,1.1336
,,19,20-Feb-20,1.0811
,,20,21-Feb-20,0.6284
,,21,24-Feb-20,0.7445
,,24,25-Feb-20,0.925
,,25,26-Feb-20,0.9665
,,26,27-Feb-20,0.9239
,,27,28-Feb-20,0.9498
,,28,2-Mar-20,1.2581
,Mar,2,3-Mar-20,0.8472
,,3,4-Mar-20,0.6216
,,4,5-Mar-20,0.5175
,,5,6-Mar-20,0.5118
,,6,9-Mar-20,0.6843
,,9,10-Mar-20,0.7093
,,10,11-Mar-20,0.6182
,,11,12-Mar-20,0.3967
,,12,13-Mar-20,0.5165
,,13,16-Mar-20,0.5155
,,16,17-Mar-20,0.3803
,,17,18-Mar-20,0.58
,,18,19-Mar-20,0.5029
,,19,20-Mar-20,0.4505
,,20,23-Mar-20,0.5115
,,23,24-Mar-20,0.3313
,,24,25-Mar-20,0.2191
,,25,26-Mar-20,0.2272
,,26,27-Mar-20,0.2559
,,27,30-Mar-20,0.1636
,,30,31-Mar-20,0.2091
,,31,1-Apr-20,0.267
,Apr,1,2-Apr-20,0.2545
,,2,3-Apr-20,0.2404
,,3,6-Apr-20,0.2481
,,6,7-Apr-20,0.2391
,,7,8-Apr-20,0.4194
,,8,9-Apr-20,0.6002
,,9,13-Apr-20,0.6151
,,13,14-Apr-20,0.3271
,,14,15-Apr-20,0.3969
,,15,16-Apr-20,0.4392
,,16,17-Apr-20,0.3678
,,17,20-Apr-20,0.1952
,,20,21-Apr-20,0.1123
,,21,22-Apr-20,0.055
,,22,23-Apr-20,0.0723
,,23,24-Apr-20,0.0704
,,24,27-Apr-20,0.0805
,,27,28-Apr-20,0.1393
,,28,29-Apr-20,0.1175
,,29,30-Apr-20,0.1516
,,30,4-May-20,0.0879
,May,4,5-May-20,0.0849
,,5,6-May-20,0.0708
,,6,8-May-20,0.0387
,,8,11-May-20,0.0388
,,11,12-May-20,0.0458
,,12,13-May-20,0.05
,,13,14-May-20,0.0269
,,14,15-May-20,0.0207
,,15,18-May-20,0.0235
,,18,19-May-20,0.0152
,,19,20-May-20,0.0135
,,20,21-May-20,0.015
,,21,22-May-20,0.0518
,,22,26-May-20,0.0429
,,26,27-May-20,0.0883
,,27,28-May-20,0.0838
,,28,29-May-20,0.0897
,,29,1-Jun-20,0.1246
,Jun,1,2-Jun-20,0.0545
,,2,3-Jun-20,0.0371
,,3,4-Jun-20,0.0286
,,4,5-Jun-20,0.0377
,,5,8-Jun-20,0.0369
,,8,9-Jun-20,0.0472
,,9,10-Jun-20,0.0378
,,10,11-Jun-20,0.0708
,,11,12-Jun-20,0.1004
,,12,15-Jun-20,0.1215
,,15,16-Jun-20,0.1139
,,16,17-Jun-20,0.1057
,,17,18-Jun-20,0.065
,,18,19-Jun-20,0.0884
,,19,22-Jun-20,0.1049
,,22,23-Jun-20,0.1386
,,23,24-Jun-20,0.1507
,,24,25-Jun-20,0.0979
,,25,26-Jun-20,0.1942
,,26,29-Jun-20,0.1701
,,29,30-Jun-20,0.1538
,,30,1-Jul-20,0.1647
,Jul,1,2-Jul-20,0.1006
,,2,3-Jul-20,0.0668
,,3,6-Jul-20,0.0962
,,6,7-Jul-20,0.0461
,,7,8-Jul-20,0.0158
,,8,9-Jul-20,0.0178
,,9,13-Jul-20,0.0093
,,13,14-Jul-20,0.0165
,,14,15-Jul-20,0.0244
,,15,16-Jul-20,0.0178
,,16,17-Jul-20,0.0243
,,17,20-Jul-20,0.0205
,,20,21-Jul-20,0.0214
,,21,22-Jul-20,0.029
,,22,23-Jul-20,0.0446
,,23,24-Jul-20,0.2409
,,24,27-Jul-20,0.2719
,,27,28-Jul-20,0.2654
,,28,29-Jul-20,0.2681
,,29,30-Jul-20,0.1112
,,30,3-Aug-20,0.1015
,Aug,3,4-Aug-20,0.1313
,,4,5-Aug-20,0.092
,,5,6-Aug-20,0.0362
,,6,7-Aug-20,0.048
,,7,11-Aug-20,0.1567
,,11,12-Aug-20,0.0836
,,12,13-Aug-20,0.0857
,,13,14-Aug-20,0.0806
,,14,17-Aug-20,0.1091
,,17,18-Aug-20,0.1038
,,18,19-Aug-20,0.1335
,,19,20-Aug-20,0.1317
,,20,21-Aug-20,0.0672
,,21,24-Aug-20,0.0552
,,24,25-Aug-20,0.0608
,,25,26-Aug-20,0.0503
,,26,27-Aug-20,0.041
,,27,28-Aug-20,0.0959
,,28,31-Aug-20,0.1919
,,31,1-Sept-20,0.2128
,Sep,1,2-Sept-20,0.1274
,,2,3-Sept-20,0.085
,,3,4-Sept-20,0.066
,,4,7-Sept-20,0.076
,,7,8-Sept-20,0.0506
,,8,9-Sept-20,0.0401
,,9,10-Sept-20,0.0759
,,10,11-Sept-20,0.0836
,,11,14-Sept-20,0.1588
,,14,15-Sept-20,0.0814
,,15,16-Sept-20,0.0477
,,16,17-Sept-20,0.0581
,,17,18-Sept-20,0.0298
,,18,21-Sept-20,0.1386
,,21,22-Sept-20,0.1586
,,22,23-Sept-20,0.0551
,,23,24-Sept-20,0.1391
,,24,25-Sept-20,0.1323
,,25,28-Sept-20,0.1206
,,28,29-Sept-20,0.1522
,,29,30-Sept-20,0.0737
,,30,1-Oct-20,0.0786
,Oct,1,2-Oct-20,0.0472
,,2,5-Oct-20,0.0769
,,5,6-Oct-20,0.1439
,,6,7-Oct-20,0.1596
,,7,8-Oct-20,0.2015
,,8,9-Oct-20,0.0608
,,9,12-Oct-20,0.2147
,,12,13-Oct-20,0.1456
,,13,14-Oct-20,0.0985
,,14,15-Oct-20,0.1177
,,15,16-Oct-20,0.1689
,,16,19-Oct-20,0.1113
,,19,20-Oct-20,0.0837
,,20,21-Oct-20,0.1073
,,21,22-Oct-20,0.0555
,,22,23-Oct-20,0.1126
,,23,26-Oct-20,0.1214
,,26,27-Oct-20,0.1026
,,27,28-Oct-20,0.1207
,,28,29-Oct-20,0.1286
,,29,30-Oct-20,0.1247
,,30,2-Nov-20,0.3057
,Nov,2,3-Nov-20,0.145
,,3,4-Nov-20,0.0948
,,4,5-Nov-20,0.0723
,,5,6-Nov-20,0.0484
,,6,9-Nov-20,0.0749
,,9,10-Nov-20,0.0993
,,10,11-Nov-20,0.0653
,,11,12-Nov-20,0.0902
,,12,13-Nov-20,0.0802
,,13,16-Nov-20,0.0915
,,16,17-Nov-20,0.1487
,,17,18-Nov-20,0.097
,,18,19-Nov-20,0.0702
,,19,20-Nov-20,0.1071
,,20,23-Nov-20,0.0924
,,23,24-Nov-20,0.0708
,,24,25-Nov-20,0.1215
,,25,26-Nov-20,0.1104
,,26,27-Nov-20,0.1219
,,27,30-Nov-20,0.187
,,30,1-Dec-20,0.1849
,Dec,1,2-Dec-20,0.1787
,,2,3-Dec-20,0.1773
,,3,4-Dec-20,0.1413
,,4,7-Dec-20,0.0685
,,7,8-Dec-20,0.103
,,8,9-Dec-20,0.1078
,,9,10-Dec-20,0.0808
,,10,11-Dec-20,0.1015
,,11,14-Dec-20,0.0811
,,14,15-Dec-20,0.0945
,,15,16-Dec-20,0.0789
,,16,17-Dec-20,0.1219
,,17,18-Dec-20,0.1234
,,18,21-Dec-20,0.1382
,,21,22-Dec-20,0.1307
,,22,23-Dec-20,0.1513
,,23,24-Dec-20,0.1564
,,24,28-Dec-20,0.2342
,,28,29-Dec-20,0.117
,,29,30-Dec-20,0.2152
,,30,31-Dec-20,0.308
,,31,4-Jan-21,0.938
,,,,
,,,,
SORA Value Date,,,SORA Publication Date,SORA
2021,Jan,4,5-Jan-21,0.0901
,,5,6-Jan-21,0.1198
,,6,7-Jan-21,0.1296
,,7,8-Jan-21,0.1772
,,8,11-Jan-21,0.195
,,11,12-Jan-21,0.218
,,12,13-Jan-21,0.1366
,,13,14-Jan-21,0.1166
,,14,15-Jan-21,0.0954
,,15,18-Jan-21,0.1011
,,18,19-Jan-21,0.1652
,,19,20-Jan-21,0.1444
,,20,21-Jan-21,0.0991
,,21,22-Jan-21,0.1174
,,22,25-Jan-21,0.1422
,,25,26-Jan-21,0.1151
,,26,27-Jan-21,0.1375
,,27,28-Jan-21,0.1084
,,28,29-Jan-21,0.2762
,,29,1-Feb-21,0.237
,Feb,1,2-Feb-21,0.2074
,,2,3-Feb-21,0.1499
,,3,4-Feb-21,0.0794
,,4,5-Feb-21,0.0742
,,5,8-Feb-21,0.0953
,,8,9-Feb-21,0.1133
,,9,10-Feb-21,0.1684
,,10,11-Feb-21,0.1984
,,11,15-Feb-21,0.3526
,,15,16-Feb-21,0.1975
,,16,17-Feb-21,0.1493
,,17,18-Feb-21,0.1093
,,18,19-Feb-21,0.0952
,,19,22-Feb-21,0.2915
,,22,23-Feb-21,0.2423
,,23,24-Feb-21,0.18
,,24,25-Feb-21,0.1738
,,25,26-Feb-21,0.2477
,,26,1-Mar-21,0.2626
,Mar,1,2-Mar-21,0.1225
,,2,3-Mar-21,0.0673
,,3,4-Mar-21,0.0402
,,4,5-Mar-21,0.0881
,,5,8-Mar-21,0.1602
,,8,9-Mar-21,0.18
,,9,10-Mar-21,0.1924
,,10,11-Mar-21,0.1407
,,11,12-Mar-21,0.3155
,,12,15-Mar-21,0.3893
,,15,16-Mar-21,0.3427
,,16,17-Mar-21,0.2377
,,17,18-Mar-21,0.2138
,,18,19-Mar-21,0.2602
,,19,22-Mar-21,0.1901
,,22,23-Mar-21,0.1392
,,23,24-Mar-21,0.2282
,,24,25-Mar-21,0.2232
,,25,26-Mar-21,0.2672
,,26,29-Mar-21,0.3997
,,29,30-Mar-21,0.2246
,,30,31-Mar-21,0.1754
,,31,1-Apr-21,0.2315
,Apr,1,5-Apr-21,0.0946
,,5,6-Apr-21,0.1315
,,6,7-Apr-21,0.0873
,,7,8-Apr-21,0.0507
,,8,9-Apr-21,0.0507
,,9,12-Apr-21,0.0635
,,12,13-Apr-21,0.0412
,,13,14-Apr-21,0.0679
,,14,15-Apr-21,0.091
,,15,16-Apr-21,0.061
,,16,19-Apr-21,0.1517
,,19,20-Apr-21,0.0657
,,20,21-Apr-21,0.1447
,,21,22-Apr-21,0.1091
,,22,23-Apr-21,0.1791
,,23,26-Apr-21,0.1937
,,26,27-Apr-21,0.0839
,,27,28-Apr-21,0.1885
,,28,29-Apr-21,0.176
,,29,30-Apr-21,0.185
,,30,3-May-21,0.2504
,May,3,4-May-21,0.1984
,,4,5-May-21,0.1561
,,5,6-May-21,0.1897
,,6,7-May-21,0.0815
,,7,10-May-21,0.2114
,,10,11-May-21,0.1767
,,11,12-May-21,0.1049
,,12,14-May-21,0.1544
,,14,17-May-21,0.1784
,,17,18-May-21,0.1715
,,18,19-May-21,0.1064
,,19,20-May-21,0.0635
,,20,21-May-21,0.072
,,21,24-May-21,0.067
,,24,25-May-21,0.1014
,,25,27-May-21,0.0841
,,27,28-May-21,0.1136
,,28,31-May-21,0.2438
,,31,1-Jun-21,0.1514
,Jun,1,2-Jun-21,0.1783
,,2,3-Jun-21,0.1617
,,3,4-Jun-21,0.0999
,,4,7-Jun-21,0.0772
,,7,8-Jun-21,0.0772
,,8,9-Jun-21,0.1203
,,9,10-Jun-21,0.0623
,,10,11-Jun-21,0.0619
,,11,14-Jun-21,0.1087
,,14,15-Jun-21,0.107
,,15,16-Jun-21,0.0944
,,16,17-Jun-21,0.1069
,,17,18-Jun-21,0.1888
,,18,21-Jun-21,0.2384
,,21,22-Jun-21,0.1659
,,22,23-Jun-21,0.1492
,,23,24-Jun-21,0.1443
,,24,25-Jun-21,0.2042
,,25,28-Jun-21,0.1029
,,28,29-Jun-21,0.1065
,,29,30-Jun-21,0.0565
,,30,1-Jul-21,0.0665
,Jul,1,2-Jul-21,0.0609
,,2,5-Jul-21,0.1096
,,5,6-Jul-21,0.1163
,,6,7-Jul-21,0.0957
,,7,8-Jul-21,0.0938
,,8,9-Jul-21,0.113
,,9,12-Jul-21,0.1433
,,12,13-Jul-21,0.0714
,,13,14-Jul-21,0.0675
,,14,15-Jul-21,0.0877
,,15,16-Jul-21,0.0879
,,16,19-Jul-21,0.0809
,,19,21-Jul-21,0.0918
,,21,22-Jul-21,0.1569
,,22,23-Jul-21,0.1912
,,23,26-Jul-21,0.0974
,,26,27-Jul-21,0.0814
,,27,28-Jul-21,0.1232
,,28,29-Jul-21,0.1232
,,29,30-Jul-21,0.1314
,,30,2-Aug-21,0.2749
,Aug,2,3-Aug-21,0.226
,,3,4-Aug-21,0.115
,,4,5-Aug-21,0.083
,,5,6-Aug-21,0.0861
,,6,10-Aug-21,0.2318
,,10,11-Aug-21,0.0678
,,11,12-Aug-21,0.1028
,,12,13-Aug-21,0.1002
,,13,16-Aug-21,0.0983
,,16,17-Aug-21,0.0877
,,17,18-Aug-21,0.1209
,,18,19-Aug-21,0.0921
,,19,20-Aug-21,0.1033
,,20,23-Aug-21,0.1166
,,23,24-Aug-21,0.1066
,,24,25-Aug-21,0.1166
,,25,26-Aug-21,0.1106
,,26,27-Aug-21,0.1143
,,27,30-Aug-21,0.2281
,,30,31-Aug-21,0.2077
,,31,1-Sept-21,0.2215
,Sep,1,2-Sept-21,0.1921
,,2,3-Sept-21,0.166
,,3,6-Sept-21,0.152
,,6,7-Sept-21,0.1091
,,7,8-Sept-21,0.1838
,,8,9-Sept-21,0.1491
,,9,10-Sept-21,0.1052
,,10,13-Sept-21,0.0927
,,13,14-Sept-21,0.1059
,,14,15-Sept-21,0.0691
,,15,16-Sept-21,0.1184
,,16,17-Sept-21,0.1217
,,17,20-Sept-21,0.1375
,,20,21-Sept-21,0.1694
,,21,22-Sept-21,0.142
,,22,23-Sept-21,0.1811
,,23,24-Sept-21,0.116
,,24,27-Sept-21,0.1219
,,27,28-Sept-21,0.1136
,,28,29-Sept-21,0.0939
,,29,30-Sept-21,0.077
,,30,1-Oct-21,0.0665
,Oct,1,4-Oct-21,0.0802
,,4,5-Oct-21,0.0514
,,5,6-Oct-21,0.0731
,,6,7-Oct-21,0.0611
,,7,8-Oct-21,0.1302
,,8,11-Oct-21,0.2065
,,11,12-Oct-21,0.2027
,,12,13-Oct-21,0.1676
,,13,14-Oct-21,0.1782
,,14,15-Oct-21,0.2286
,,15,18-Oct-21,0.3204
,,18,19-Oct-21,0.2243
,,19,20-Oct-21,0.3152
,,20,21-Oct-21,0.26
,,21,22-Oct-21,0.1892
,,22,25-Oct-21,0.2247
,,25,26-Oct-21,0.2614
,,26,27-Oct-21,0.1743
,,27,28-Oct-21,0.0989
,,28,29-Oct-21,0.1414
,,29,1-Nov-21,0.2229
,Nov,1,2-Nov-21,0.1859
,,2,3-Nov-21,0.1453
,,3,5-Nov-21,0.1097
,,5,8-Nov-21,0.0764
,,8,9-Nov-21,0.0895
,,9,10-Nov-21,0.1139
,,10,11-Nov-21,0.1607
,,11,12-Nov-21,0.1597
,,12,15-Nov-21,0.192
,,15,16-Nov-21,0.1681
,,16,17-Nov-21,0.2179
,,17,18-Nov-21,0.246
,,18,19-Nov-21,0.1922
,,19,22-Nov-21,0.2522
,,22,23-Nov-21,0.0987
,,23,24-Nov-21,0.1422
,,24,25-Nov-21,0.1622
,,25,26-Nov-21,0.1391
,,26,29-Nov-21,0.1391
,,29,30-Nov-21,0.1185
,,30,1-Dec-21,0.1128
,Dec,1,2-Dec-21,0.1276
,,2,3-Dec-21,0.101
,,3,6-Dec-21,0.1943
,,6,7-Dec-21,0.3106
,,7,8-Dec-21,0.3318
,,8,9-Dec-21,0.2237
,,9,10-Dec-21,0.1312
,,10,13-Dec-21,0.1584
,,13,14-Dec-21,0.2878
,,14,15-Dec-21,0.332
,,15,16-Dec-21,0.2033
,,16,17-Dec-21,0.1865
,,17,20-Dec-21,0.2447
,,20,21-Dec-21,0.192
,,21,22-Dec-21,0.1391
,,22,23-Dec-21,0.1056
,,23,24-Dec-21,0.1582
,,24,27-Dec-21,0.3037
,,27,28-Dec-21,0.2116
,,28,29-Dec-21,0.2229
,,29,30-Dec-21,0.2785
,,30,31-Dec-21,0.2885
,,31,3-Jan-22,0.3065
,,,,
,,,,
SORA Value Date,,,SORA Publication Date,SORA
2022,Jan,3,4-Jan-22,0.1416
,,4,5-Jan-22,0.1467
,,5,6-Jan-22,0.1767
,,6,7-Jan-22,0.1191
,,7,10-Jan-22,0.1461
,,10,11-Jan-22,0.1034
,,11,12-Jan-22,0.1839
,,12,13-Jan-22,0.1942
,,13,14-Jan-22,0.2201
,,14,17-Jan-22,0.2078
,,17,18-Jan-22,0.1239
,,18,19-Jan-22,0.1417
,,19,20-Jan-22,0.1217
,,20,21-Jan-22,0.3139
,,21,24-Jan-22,0.252
,,24,25-Jan-22,0.1559
,,25,26-Jan-22,0.2025
,,26,27-Jan-22,0.4588
,,27,28-Jan-22,0.3056
,,28,31-Jan-22,0.3513
,,31,3-Feb-22,0.4113
,Feb,3,4-Feb-22,0.3069
,,4,7-Feb-22,0.255
,,7,8-Feb-22,0.2679
,,8,9-Feb-22,0.232
,,9,10-Feb-22,0.1587
,,10,11-Feb-22,0.1079
,,11,14-Feb-22,0.1998
,,14,15-Feb-22,0.1255
,,15,16-Feb-22,0.1753
,,16,17-Feb-22,0.3018
,,17,18-Feb-22,0.2827
,,18,21-Feb-22,0.5133
,,21,22-Feb-22,0.2383
,,22,23-Feb-22,0.3306
,,23,24-Feb-22,0.2791
,,24,25-Feb-22,0.3585
,,25,28-Feb-22,0.4876
,,28,1-Mar-22,0.3278
,Mar,1,2-Mar-22,0.1873
,,2,3-Mar-22,0.0958
,,3,4-Mar-22,0.0746
,,4,7-Mar-22,0.0503
,,7,8-Mar-22,0.0353
,,8,9-Mar-22,0.0671
,,9,10-Mar-22,0.0552
,,10,11-Mar-22,0.1287
,,11,14-Mar-22,0.1339
,,14,15-Mar-22,0.1697
,,15,16-Mar-22,0.2256
,,16,17-Mar-22,0.308
,,17,18-Mar-22,0.2828
,,18,21-Mar-22,0.2674
,,21,22-Mar-22,0.4299
,,22,23-Mar-22,0.5122
,,23,24-Mar-22,0.6932
,,24,25-Mar-22,0.5659
,,25,28-Mar-22,0.6959
,,28,29-Mar-22,0.5117
,,29,30-Mar-22,0.2905
,,30,31-Mar-22,0.4571
,,31,1-Apr-22,0.6085
,Apr,1,4-Apr-22,0.4185
,,4,5-Apr-22,0.4275
,,5,6-Apr-22,0.3975
,,6,7-Apr-22,0.21
,,7,8-Apr-22,0.2788
,,8,11-Apr-22,0.3149
,,11,12-Apr-22,0.2087
,,12,13-Apr-22,0.202
,,13,14-Apr-22,0.371
,,14,18-Apr-22,0.3222
,,18,19-Apr-22,0.1256
,,19,20-Apr-22,0.0697
,,20,21-Apr-22,0.1775
,,21,22-Apr-22,0.1685
,,22,25-Apr-22,0.3626
,,25,26-Apr-22,0.3009
,,26,27-Apr-22,0.4155
,,27,28-Apr-22,0.3473
,,28,29-Apr-22,0.3586
,,29,4-May-22,0.6764
,May,4,5-May-22,0.4734
,,5,6-May-22,0.8411
,,6,9-May-22,1.0536
,,9,10-May-22,0.8536
,,10,11-May-22,0.7515
,,11,12-May-22,0.8674
,,12,13-May-22,0.8913
,,13,17-May-22,1.3711
,,17,18-May-22,0.9053
,,18,19-May-22,1.0299
,,19,20-May-22,0.8836
,,20,23-May-22,1.1684
,,23,24-May-22,1.0128
,,24,25-May-22,0.9456
,,25,26-May-22,0.833
,,26,27-May-22,0.7681
,,27,30-May-22,0.8901
,,30,31-May-22,0.6365
,,31,1-Jun-22,0.7187
,Jun,1,2-Jun-22,0.3254
,,2,3-Jun-22,0.53
,,3,6-Jun-22,0.5567
,,6,7-Jun-22,0.438
,,7,8-Jun-22,0.4952
,,8,9-Jun-22,0.5242
,,9,10-Jun-22,0.5809
,,10,13-Jun-22,0.795
,,13,14-Jun-22,0.5746
,,14,15-Jun-22,0.4416
,,15,16-Jun-22,0.3983
,,16,17-Jun-22,0.7937
,,17,20-Jun-22,1.2041
,,20,21-Jun-22,0.9917
,,21,22-Jun-22,1.4164
,,22,23-Jun-22,1.5641
,,23,24-Jun-22,1.6942
,,24,27-Jun-22,1.8636
,,27,28-Jun-22,1.8345
,,28,29-Jun-22,1.8628
,,29,30-Jun-22,1.5571
,,30,1-Jul-22,1.6562
,Jul,1,4-Jul-22,1.5362
,,4,5-Jul-22,1.7837
,,5,6-Jul-22,1.8123
,,6,7-Jul-22,1.6429
,,7,8-Jul-22,1.7389
,,8,12-Jul-22,1.9193
,,12,13-Jul-22,1.8141
,,13,14-Jul-22,1.9374
,,14,15-Jul-22,1.8585
,,15,18-Jul-22,1.9391
,,18,19-Jul-22,1.8921
,,19,20-Jul-22,1.8618
,,20,21-Jul-22,1.7924
,,21,22-Jul-22,1.7682
,,22,25-Jul-22,1.7276
,,25,26-Jul-22,1.7221
,,26,27-Jul-22,1.6908
,,27,28-Jul-22,1.5258
,,28,29-Jul-22,2.0407
,,29,1-Aug-22,2.1354
,Aug,1,2-Aug-22,1.7515
,,2,3-Aug-22,1.6888
,,3,4-Aug-22,1.372
,,4,5-Aug-22,1.3522
,,5,8-Aug-22,1.8269
,,8,10-Aug-22,1.7915
,,10,11-Aug-22,1.4935
,,11,12-Aug-22,1.7252
,,12,15-Aug-22,1.7601
,,15,16-Aug-22,1.925
,,16,17-Aug-22,1.9116
,,17,18-Aug-22,1.9236
,,18,19-Aug-22,1.9402
,,19,22-Aug-22,2.24
,,22,23-Aug-22,2.2324
,,23,24-Aug-22,2.0993
,,24,25-Aug-22,2.0684
,,25,26-Aug-22,1.8673
,,26,29-Aug-22,2.0088
,,29,30-Aug-22,2.0025
,,30,31-Aug-22,2.3441
,,31,1-Sept-22,2.3098
,Sep,1,2-Sept-22,2.1288
,,2,5-Sept-22,2.0446
,,5,6-Sept-22,2.1529
,,6,7-Sept-22,2.1205
,,7,8-Sept-22,2.1104
,,8,9-Sept-22,2.1779
,,9,12-Sept-22,2.3502
,,12,13-Sept-22,2.3312
,,13,14-Sept-22,2.1991
,,14,15-Sept-22,1.8883
,,15,16-Sept-22,1.7246
,,16,19-Sept-22,1.8667
,,19,20-Sept-22,1.7493
,,20,21-Sept-22,1.6736
,,21,22-Sept-22,1.6232
,,22,23-Sept-22,1.9389
,,23,26-Sept-22,2.4129
,,26,27-Sept-22,2.5312
,,27,28-Sept-22,2.7578
,,28,29-Sept-22,2.7431
,,29,30-Sept-22,3.8935
,,30,3-Oct-22,4.3916
,Oct,3,4-Oct-22,3.3298
,,4,5-Oct-22,3.4719
,,5,6-Oct-22,3.0171
,,6,7-Oct-22,3.051
,,7,10-Oct-22,3.3825
,,10,11-Oct-22,2.9205
,,11,12-Oct-22,3.3732
,,12,13-Oct-22,2.8295
,,13,14-Oct-22,3.3484
,,14,17-Oct-22,3.1934
,,17,18-Oct-22,3.0285
,,18,19-Oct-22,3.131
,,19,20-Oct-22,2.6315
,,20,21-Oct-22,3.1709
,,21,25-Oct-22,3.1748
,,25,26-Oct-22,2.8631
,,26,27-Oct-22,2.9027
,,27,28-Oct-22,2.8342
,,28,31-Oct-22,2.8441
,,31,1-Nov-22,2.8521
,Nov,1,2-Nov-22,2.5984
,,2,3-Nov-22,2.6474
,,3,4-Nov-22,2.6021
,,4,7-Nov-22,3.0022
,,7,8-Nov-22,2.8969
,,8,9-Nov-22,2.9901
,,9,10-Nov-22,2.9104
,,10,11-Nov-22,3.267
,,11,14-Nov-22,3.3943
,,14,15-Nov-22,3.0921
,,15,16-Nov-22,2.952
,,16,17-Nov-22,2.9029
,,17,18-Nov-22,3.2026
,,18,21-Nov-22,3.5309
,,21,22-Nov-22,3.7997
,,22,23-Nov-22,3.6666
,,23,24-Nov-22,3.5174
,,24,25-Nov-22,3.5447
,,25,28-Nov-22,3.6561
,,28,29-Nov-22,3.5562
,,29,30-Nov-22,3.7033
,,30,1-Dec-22,3.9119
,Dec,1,2-Dec-22,3.9219
,,2,5-Dec-22,4.0119
,,5,6-Dec-22,3.5244
,,6,7-Dec-22,3.4458
,,7,8-Dec-22,3.5036
,,8,9-Dec-22,3.2336
,,9,12-Dec-22,3.1336
,,12,13-Dec-22,2.5836
,,13,14-Dec-22,2.0537
,,14,15-Dec-22,1.6457
,,15,16-Dec-22,2.36
,,16,19-Dec-22,2.3425
,,19,20-Dec-22,1.7577
,,20,21-Dec-22,1.7632
,,21,22-Dec-22,1.5529
,,22,23-Dec-22,1.6509
,,23,27-Dec-22,3.1332
,,27,28-Dec-22,1.8706
,,28,29-Dec-22,1.8126
,,29,30-Dec-22,1.6525
,,30,3-Jan-23,2.5293
,,,,
,,,,
SORA Value Date,,,SORA Publication Date,SORA
2023,Jan,3,4-Jan-23,2.1567
,,4,5-Jan-23,2.4019
,,5,6-Jan-23,2.6482
,,6,9-Jan-23,3.1851
,,9,10-Jan-23,3.7433
,,10,11-Jan-23,3.4177
,,11,12-Jan-23,3.2209
,,12,13-Jan-23,3.3641
,,13,16-Jan-23,3.8002
,,16,17-Jan-23,3.4653
,,17,18-Jan-23,3.557
,,18,19-Jan-23,3.6487
,,19,20-Jan-23,3.6037
,,20,25-Jan-23,3.5817
,,25,26-Jan-23,3.6014
,,26,27-Jan-23,3.5637
,,27,30-Jan-23,3.6736
,,30,31-Jan-23,3.8375
,,31,1-Feb-23,3.8693
,Feb,1,2-Feb-23,3.5675
,,2,3-Feb-23,3.5598
,,3,6-Feb-23,3.6127
,,6,7-Feb-23,3.4294
,,7,8-Feb-23,3.118
,,8,9-Feb-23,3.1004
,,9,10-Feb-23,3.2456
,,10,13-Feb-23,3.6578
,,13,14-Feb-23,3.3393
,,14,15-Feb-23,3.2662
,,15,16-Feb-23,3.3614
,,16,17-Feb-23,3.5088
,,17,20-Feb-23,3.7467
,,20,21-Feb-23,3.4676
,,21,22-Feb-23,3.4653
,,22,23-Feb-23,3.4287
,,23,24-Feb-23,3.6511
,,24,27-Feb-23,3.8658
,,27,28-Feb-23,3.6984
,,28,1-Mar-23,3.4497
,Mar,1,2-Mar-23,3.5485
,,2,3-Mar-23,3.5808
,,3,6-Mar-23,3.6079
,,6,7-Mar-23,3.63
,,7,8-Mar-23,3.4847
,,8,9-Mar-23,3.5667
,,9,10-Mar-23,3.5983
,,10,13-Mar-23,3.761
,,13,14-Mar-23,3.7279
,,14,15-Mar-23,3.4985
,,15,16-Mar-23,3.3535
,,16,17-Mar-23,3.7938
,,17,20-Mar-23,3.8871
,,20,21-Mar-23,3.8396
,,21,22-Mar-23,3.8887
,,22,23-Mar-23,3.7178
,,23,24-Mar-23,4.0825
,,24,27-Mar-23,3.6203
,,27,28-Mar-23,3.5509
,,28,29-Mar-23,3.5253
,,29,30-Mar-23,3.8972
,,30,31-Mar-23,3.6343
,,31,3-Apr-23,3.5843
,Apr,3,4-Apr-23,3.3422
,,4,5-Apr-23,3.6018
,,5,6-Apr-23,3.4762
,,6,10-Apr-23,3.3721
,,10,11-Apr-23,3.1595
,,11,12-Apr-23,3.1852
,,12,13-Apr-23,3.2138
,,13,14-Apr-23,3.2688
,,14,17-Apr-23,3.3365
,,17,18-Apr-23,3.2875
,,18,19-Apr-23,3.2315
,,19,20-Apr-23,3.2868
,,20,21-Apr-23,3.4576
,,21,24-Apr-23,4.0783
,,24,25-Apr-23,3.9785
,,25,26-Apr-23,3.748
,,26,27-Apr-23,3.6124
,,27,28-Apr-23,3.7753
,,28,2-May-23,3.785
,May,2,3-May-23,3.7201
,,3,4-May-23,3.6183
,,4,5-May-23,3.2686
,,5,8-May-23,3.4138
,,8,9-May-23,3.4538
,,9,10-May-23,3.6652
,,10,11-May-23,3.4858
,,11,12-May-23,3.621
,,12,15-May-23,3.3432
,,15,16-May-23,3.4448
,,16,17-May-23,3.5198
,,17,18-May-23,3.6927
,,18,19-May-23,3.6472
,,19,22-May-23,3.61
,,22,23-May-23,3.866
,,23,24-May-23,3.7272
,,24,25-May-23,3.697
,,25,26-May-23,3.7343
,,26,29-May-23,3.7343
,,29,30-May-23,3.9963
,,30,31-May-23,3.9509
,,31,1-Jun-23,3.7241
,Jun,1,5-Jun-23,3.7514
,,5,6-Jun-23,3.8228
,,6,7-Jun-23,3.7959
,,7,8-Jun-23,3.8445
,,8,9-Jun-23,3.8997
,,9,12-Jun-23,4.0228
,,12,13-Jun-23,3.6227
,,13,14-Jun-23,3.545
,,14,15-Jun-23,3.5059
,,15,16-Jun-23,3.6299
,,16,19-Jun-23,3.5952
,,19,20-Jun-23,3.6175
,,20,21-Jun-23,3.6691
,,21,22-Jun-23,3.5583
,,22,23-Jun-23,3.5825
,,23,26-Jun-23,3.7939
,,26,27-Jun-23,3.7922
,,27,28-Jun-23,3.7785
,,28,30-Jun-23,3.7918
,,30,3-Jul-23,4.0005
,Jul,3,4-Jul-23,3.8041
,,4,5-Jul-23,3.7885
,,5,6-Jul-23,3.7685
,,6,7-Jul-23,3.654
,,7,10-Jul-23,3.7005
,,10,11-Jul-23,3.61
,,11,12-Jul-23,3.6028
,,12,13-Jul-23,3.5373
,,13,14-Jul-23,3.5322
,,14,17-Jul-23,3.5201
,,17,18-Jul-23,3.5341
,,18,19-Jul-23,3.4553
,,19,20-Jul-23,3.5096
,,20,21-Jul-23,3.6125
,,21,24-Jul-23,3.7337
,,24,25-Jul-23,3.5374
,,25,26-Jul-23,3.4533
,,26,27-Jul-23,3.3329
,,27,28-Jul-23,3.4231
,,28,31-Jul-23,3.5264
,,31,1-Aug-23,3.5504
,Aug,1,2-Aug-23,3.397
,,2,3-Aug-23,3.4463
,,3,4-Aug-23,3.5065
,,4,7-Aug-23,3.7677
,,7,8-Aug-23,3.8511
,,8,10-Aug-23,3.6903
,,10,11-Aug-23,3.5378
,,11,14-Aug-23,3.6165
,,14,15-Aug-23,3.4924
,,15,16-Aug-23,3.5476
,,16,17-Aug-23,3.6183
,,17,18-Aug-23,3.7727
,,18,21-Aug-23,3.9062
,,21,22-Aug-23,3.5937
,,22,23-Aug-23,3.6354
,,23,24-Aug-23,3.6807
,,24,25-Aug-23,3.5891
,,25,28-Aug-23,3.6314
,,28,29-Aug-23,3.693
,,29,30-Aug-23,3.815
,,30,31-Aug-23,3.7085
,,31,4-Sept-23,3.7781
,Sep,4,5-Sept-23,3.8411
,,5,6-Sept-23,3.8061
,,6,7-Sept-23,3.7056
,,7,8-Sept-23,3.6811
,,8,11-Sept-23,3.9914
,,11,12-Sept-23,3.8216
,,12,13-Sept-23,3.7478
,,13,14-Sept-23,3.7128
,,14,15-Sept-23,3.6978
,,15,18-Sept-23,3.8093
,,18,19-Sept-23,3.7053
,,19,20-Sept-23,3.5931
,,20,21-Sept-23,3.7076
,,21,22-Sept-23,3.5683
,,22,25-Sept-23,3.761
,,25,26-Sept-23,3.7721
,,26,27-Sept-23,3.8579
,,27,28-Sept-23,3.7232
,,28,29-Sept-23,3.6232
,,29,2-Oct-23,3.8245
,Oct,2,3-Oct-23,3.655
,,3,4-Oct-23,3.5858
,,4,5-Oct-23,3.5954
,,5,6-Oct-23,3.6268
,,6,9-Oct-23,3.8967
,,9,10-Oct-23,3.7546
,,10,11-Oct-23,3.6676
,,11,12-Oct-23,3.6356
,,12,13-Oct-23,3.6617
,,13,16-Oct-23,3.7716
,,16,17-Oct-23,3.7366
,,17,18-Oct-23,3.7983
,,18,19-Oct-23,3.7574
,,19,20-Oct-23,3.7461
,,20,23-Oct-23,3.9248
,,23,24-Oct-23,3.8445
,,24,25-Oct-23,3.7258
,,25,26-Oct-23,3.7383
,,26,27-Oct-23,3.783
,,27,30-Oct-23,3.7298
,,30,31-Oct-23,3.8249
,,31,1-Nov-23,3.6904
,Nov,1,2-Nov-23,3.6569
,,2,3-Nov-23,3.6776
,,3,6-Nov-23,3.771
,,6,7-Nov-23,3.6121
,,7,8-Nov-23,3.5604
,,8,9-Nov-23,3.404
,,9,10-Nov-23,3.4926
,,10,14-Nov-23,3.6321
,,14,15-Nov-23,3.6022
,,15,16-Nov-23,3.6372
,,16,17-Nov-23,3.6444
,,17,20-Nov-23,3.8431
,,20,21-Nov-23,3.6665
,,21,22-Nov-23,3.7497
,,22,23-Nov-23,3.6238
,,23,24-Nov-23,3.6811
,,24,27-Nov-23,3.6122
,,27,28-Nov-23,3.6549
,,28,29-Nov-23,3.4799
,,29,30-Nov-23,3.5107
,,30,1-Dec-23,3.6592
,Dec,1,4-Dec-23,3.6823
,,4,5-Dec-23,3.6984
,,5,6-Dec-23,3.729
,,6,7-Dec-23,3.7354
,,7,8-Dec-23,3.9062
,,8,11-Dec-23,3.8994
,,11,12-Dec-23,3.8467
,,12,13-Dec-23,3.9311
,,13,14-Dec-23,4.0103
,,14,15-Dec-23,3.7911
,,15,18-Dec-23,3.7269
,,18,19-Dec-23,3.6867
,,19,20-Dec-23,3.57
,,20,21-Dec-23,3.4412
,,21,22-Dec-23,3.3632
,,22,26-Dec-23,3.4044
,,26,27-Dec-23,3.4443
,,27,28-Dec-23,3.2489
,,28,29-Dec-23,3.263
,,29,2-Jan-24,3.6235
,,,,
,,,,
SORA Value Date,,,SORA Publication Date,SORA
2024,Jan,2,3-Jan-24,3.6063
,,3,4-Jan-24,3.8177
,,4,5-Jan-24,3.8218
,,5,8-Jan-24,3.7342
,,8,9-Jan-24,3.8194
,,9,10-Jan-24,3.7684
,,10,11-Jan-24,3.7393
,,11,12-Jan-24,3.7931
,,12,15-Jan-24,3.7435
,,15,16-Jan-24,3.5779
,,16,17-Jan-24,3.6456
,,17,18-Jan-24,3.6089
,,18,19-Jan-24,3.5362
,,19,22-Jan-24,3.4333
,,22,23-Jan-24,3.5474
,,23,24-Jan-24,3.5043
,,24,25-Jan-24,3.4113
,,25,26-Jan-24,3.5469
,,26,29-Jan-24,3.5205
,,29,30-Jan-24,3.514
,,30,31-Jan-24,3.4763
,,31,1-Feb-24,3.4844
,Feb,1,2-Feb-24,3.433
,,2,5-Feb-24,3.4949
,,5,6-Feb-24,3.5972
,,6,7-Feb-24,3.6389
,,7,8-Feb-24,3.584
,,8,9-Feb-24,3.3865
,,9,13-Feb-24,3.4874
,,13,14-Feb-24,3.3581
,,14,15-Feb-24,3.5172
,,15,16-Feb-24,3.6948
,,16,19-Feb-24,3.7765
,,19,20-Feb-24,3.8169
,,20,21-Feb-24,3.7518
,,21,22-Feb-24,3.5929
,,22,23-Feb-24,3.7262
,,23,26-Feb-24,3.8327
,,26,27-Feb-24,3.7501
,,27,28-Feb-24,3.7121
,,28,29-Feb-24,3.7844
,,29,1-Mar-24,3.7464
,Mar,1,4-Mar-24,3.7769
,,4,5-Mar-24,3.6105
,,5,6-Mar-24,3.6054
,,6,7-Mar-24,3.5966
,,7,8-Mar-24,3.626
,,8,11-Mar-24,3.6514
,,11,12-Mar-24,3.4967
,,12,13-Mar-24,3.4354
,,13,14-Mar-24,3.3928
,,14,15-Mar-24,3.4937
,,15,18-Mar-24,3.5678
,,18,19-Mar-24,3.7955
,,19,20-Mar-24,3.8841
,,20,21-Mar-24,3.8542
,,21,22-Mar-24,3.9588
,,22,25-Mar-24,4.2656
,,25,26-Mar-24,4.0357
,,26,27-Mar-24,3.953
,,27,28-Mar-24,3.8954
,,28,1-Apr-24,3.6851
,Apr,1,2-Apr-24,3.7
,,2,3-Apr-24,3.6119
,,3,4-Apr-24,3.5062
,,4,5-Apr-24,3.5261
,,5,8-Apr-24,3.4176
,,8,9-Apr-24,3.3676
,,9,11-Apr-24,3.4145
,,11,12-Apr-24,3.3997
,,12,15-Apr-24,3.4699
,,15,16-Apr-24,3.4112
,,16,17-Apr-24,3.4259
,,17,18-Apr-24,3.3029
,,18,19-Apr-24,3.4439
,,19,22-Apr-24,3.6491
,,22,23-Apr-24,3.6084
,,23,24-Apr-24,3.5612
,,24,25-Apr-24,3.5281
,,25,26-Apr-24,3.587
,,26,29-Apr-24,3.6559
,,29,30-Apr-24,3.5085
,,30,2-May-24,3.5066
,May,2,3-May-24,3.6458
,,3,6-May-24,3.7521
,,6,7-May-24,3.7687
,,7,8-May-24,3.8329
,,8,9-May-24,3.9685
,,9,10-May-24,3.9447
,,10,13-May-24,4.0076
,,13,14-May-24,3.7153
,,14,15-May-24,3.6486
,,15,16-May-24,3.609
,,16,17-May-24,3.5697
,,17,20-May-24,3.5899
,,20,21-May-24,3.5778
,,21,23-May-24,3.4585
,,23,24-May-24,3.5511
,,24,27-May-24,3.6756
,,27,28-May-24,3.6622
,,28,29-May-24,3.5476
,,29,30-May-24,3.5409
,,30,31-May-24,3.5289
,,31,3-Jun-24,3.5222
,Jun,3,4-Jun-24,3.8181
,,4,5-Jun-24,3.8127
,,5,6-Jun-24,3.8523
,,6,7-Jun-24,3.6378
,,7,10-Jun-24,3.8491
,,10,11-Jun-24,3.594
,,11,12-Jun-24,3.5291
,,12,13-Jun-24,3.6312
,,13,14-Jun-24,3.6365
,,14,18-Jun-24,3.7736
,,18,19-Jun-24,3.6929
,,19,20-Jun-24,3.702
,,20,21-Jun-24,3.5845
,,21,24-Jun-24,3.6371
,,24,25-Jun-24,3.6709
,,25,26-Jun-24,3.565
,,26,27-Jun-24,3.5992
,,27,28-Jun-24,3.446
,,28,1-Jul-24,3.4325
,Jul,1,2-Jul-24,3.4205
,,2,3-Jul-24,3.4141
,,3,4-Jul-24,3.4709
,,4,5-Jul-24,3.4839
,,5,8-Jul-24,3.5261
,,8,9-Jul-24,3.4634
,,9,10-Jul-24,3.4019
,,10,11-Jul-24,3.4975
,,11,12-Jul-24,3.4685
,,12,15-Jul-24,3.5537
,,15,16-Jul-24,3.5134
,,16,17-Jul-24,3.5137
,,17,18-Jul-24,3.5413
,,18,19-Jul-24,3.5399
,,19,22-Jul-24,3.5864
,,22,23-Jul-24,3.5679
,,23,24-Jul-24,3.5239
,,24,25-Jul-24,3.5458
,,25,26-Jul-24,3.6271
,,26,29-Jul-24,3.6541
,,29,30-Jul-24,3.5438
,,30,31-Jul-24,3.4769
,,31,1-Aug-24,3.4336
,Aug,1,2-Aug-24,3.5377
,,2,5-Aug-24,3.5838
,,5,6-Aug-24,3.6111
,,6,7-Aug-24,3.5735
,,7,8-Aug-24,3.6052
,,8,12-Aug-24,3.5987
,,12,13-Aug-24,3.6452
,,13,14-Aug-24,3.6717
,,14,15-Aug-24,3.6119
,,15,16-Aug-24,3.5144
,,16,19-Aug-24,3.5236
,,19,20-Aug-24,3.5471
,,20,21-Aug-24,3.3436
,,21,22-Aug-24,3.1973
,,22,23-Aug-24,3.1962
,,23,26-Aug-24,3.2314
,,26,27-Aug-24,3.2189
,,27,28-Aug-24,3.3159
,,28,29-Aug-24,3.3554
,,29,30-Aug-24,3.4319
,,30,2-Sept-24,3.5355
,Sep,2,3-Sept-24,3.4466
,,3,4-Sept-24,3.5593
,,4,5-Sept-24,3.4622
,,5,6-Sept-24,3.4824
,,6,9-Sept-24,3.5859
,,9,10-Sept-24,3.5167
,,10,11-Sept-24,3.4959
,,11,12-Sept-24,3.5352
,,12,13-Sept-24,3.5177
,,13,16-Sept-24,3.5423
,,16,17-Sept-24,3.5427
,,17,18-Sept-24,3.4455
,,18,19-Sept-24,3.4316
,,19,20-Sept-24,3.1089
,,20,23-Sept-24,3.2039
,,23,24-Sept-24,3.1178
,,24,25-Sept-24,3.135
,,25,26-Sept-24,3.1705
,,26,27-Sept-24,3.4135
,,27,30-Sept-24,3.3108
,,30,1-Oct-24,3.8808
,Oct,1,2-Oct-24,3.7299
,,2,3-Oct-24,3.6048
,,3,4-Oct-24,3.5946
,,4,7-Oct-24,3.5514
,,7,8-Oct-24,3.5015
,,8,9-Oct-24,3.3875
,,9,10-Oct-24,3.3049
,,10,11-Oct-24,3.1077
,,11,14-Oct-24,3.0977
,,14,15-Oct-24,3.0846
,,15,16-Oct-24,3.0314
,,16,17-Oct-24,2.9091
,,17,18-Oct-24,2.8903
,,18,21-Oct-24,2.9784
,,21,22-Oct-24,3.0642
,,22,23-Oct-24,3.1267
,,23,24-Oct-24,3.0662
,,24,25-Oct-24,2.947
,,25,28-Oct-24,3.0313
,,28,29-Oct-24,3.0666
,,29,30-Oct-24,3.0955
,,30,1-Nov-24,3.1559
,Nov,1,4-Nov-24,3.2321
,,4,5-Nov-24,2.9891
,,5,6-Nov-24,2.9118
,,6,7-Nov-24,2.8566
,,7,8-Nov-24,2.9347
,,8,11-Nov-24,3.1044
,,11,12-Nov-24,3.1304
,,12,13-Nov-24,3.0749
,,13,14-Nov-24,2.96
,,14,15-Nov-24,2.8989
,,15,18-Nov-24,2.9008
,,18,19-Nov-24,3.1312
,,19,20-Nov-24,3.06
,,20,21-Nov-24,2.9428
,,21,22-Nov-24,2.7615
,,22,25-Nov-24,3.098
,,25,26-Nov-24,3.0618
,,26,27-Nov-24,2.9033
,,27,28-Nov-24,2.787
,,28,29-Nov-24,2.745
,,29,2-Dec-24,3.0839
,Dec,2,3-Dec-24,2.9528
,,3,4-Dec-24,3.0756
,,4,5-Dec-24,3.0051
,,5,6-Dec-24,2.7668
,,6,9-Dec-24,2.8852
,,9,10-Dec-24,3.1885
,,10,11-Dec-24,3.1129
,,11,12-Dec-24,3.0721
,,12,13-Dec-24,3.1825
,,13,16-Dec-24,3.2537
,,16,17-Dec-24,3.1506
,,17,18-Dec-24,3.0547
,,18,19-Dec-24,2.9769
,,19,20-Dec-24,2.9893
,,20,23-Dec-24,3.23
,,23,24-Dec-24,2.762
,,24,26-Dec-24,2.7495
,,26,27-Dec-24,2.5512
,,27,30-Dec-24,2.5613
,,30,31-Dec-24,2.3115
,,31,2-Jan-25,2.1123
,,,,
,,,,
SORA Value Date,,,SORA Publication Date,SORA
2025,Jan,2,3-Jan-25,2.5211
,,3,6-Jan-25,2.7573
,,6,7-Jan-25,2.8352
,,7,8-Jan-25,2.7815
,,8,9-Jan-25,2.8385
,,9,10-Jan-25,2.898
,,10,13-Jan-25,3.1047
,,13,14-Jan-25,2.9332
,,14,15-Jan-25,2.9314
,,15,16-Jan-25,2.8138
,,16,17-Jan-25,2.4647
,,17,20-Jan-25,2.2492
,,20,21-Jan-25,2.2516
,,21,22-Jan-25,2.485
,,22,23-Jan-25,2.5852
,,23,24-Jan-25,3.0238
,,24,27-Jan-25,3.0743
,,27,28-Jan-25,2.9786
,,28,31-Jan-25,3.1283
,,31,3-Feb-25,2.6325
,Feb,3,4-Feb-25,2.651
,,4,5-Feb-25,2.6168
,,5,6-Feb-25,2.3766
,,6,7-Feb-25,2.4847
,,7,10-Feb-25,2.517
,,10,11-Feb-25,2.5438
,,11,12-Feb-25,2.4561
,,12,13-Feb-25,2.5042
,,13,14-Feb-25,2.5008
,,14,17-Feb-25,2.413
,,17,18-Feb-25,2.3114
,,18,19-Feb-25,2.5261
,,19,20-Feb-25,2.4639
,,20,21-Feb-25,2.463
,,21,24-Feb-25,2.3548
,,24,25-Feb-25,2.2661
,,25,26-Feb-25,2.4175
,,26,27-Feb-25,2.3922
,,27,28-Feb-25,2.6412
,,28,3-Mar-25,2.4846
,Mar,3,4-Mar-25,2.3344
,,4,5-Mar-25,2.2903
,,5,6-Mar-25,2.3176
,,6,7-Mar-25,2.3425
,,7,10-Mar-25,2.1455
,,10,11-Mar-25,2.1148
,,11,12-Mar-25,2.1251
,,12,13-Mar-25,2.0822
,,13,14-Mar-25,2.2434
,,14,17-Mar-25,2.3683
,,17,18-Mar-25,2.3416
,,18,19-Mar-25,2.4421
,,19,20-Mar-25,2.4428
,,20,21-Mar-25,2.4805
,,21,24-Mar-25,2.6484
,,24,25-Mar-25,2.7645
,,25,26-Mar-25,2.9409
,,26,27-Mar-25,2.9829
,,27,28-Mar-25,2.3592
,,28,1-Apr-25,2.1392
,Apr,1,2-Apr-25,2.0073
,,2,3-Apr-25,2.1983
,,3,4-Apr-25,2.2206
,,4,7-Apr-25,2.3164
,,7,8-Apr-25,2.5884
,,8,9-Apr-25,2.3872
,,9,10-Apr-25,2.3326
,,10,11-Apr-25,2.3009
,,11,14-Apr-25,2.3021
,,14,15-Apr-25,2.2749
,,15,16-Apr-25,2.284
,,16,17-Apr-25,2.2553
,,17,21-Apr-25,2.196
,,21,22-Apr-25,2.153
,,22,23-Apr-25,2.1405
,,23,24-Apr-25,2.1801
,,24,25-Apr-25,2.1602
,,25,28-Apr-25,2.1066
,,28,29-Apr-25,2.1769
,,29,30-Apr-25,2.174
,,30,2-May-25,2.1673
,May,2,5-May-25,2.2953
,,5,6-May-25,2.272
,,6,7-May-25,2.2252
,,7,8-May-25,2.116
,,8,9-May-25,2.1975
,,9,13-May-25,2.2665
,,13,14-May-25,2.3946
,,14,15-May-25,2.1883
,,15,16-May-25,2.1552
,,16,19-May-25,2.121
,,19,20-May-25,2.177
,,20,21-May-25,2.125
,,21,22-May-25,2.1033
,,22,23-May-25,2.1348
,,,,
,,,,
" After a review of the market demand and usage of MAS-administered financial benchmarks, a decision was made to discontinue the following domestic interest rates with effect from 1 January 2014: ",,,,
"    *  Interbank (overnight, 1-week, 1-month, 2-month, 3-month, 6-month, 12-month)",,,,
    *  3-month commercial bills,,,,
    *  SGS Overnight Repo,,,,
" Historical data for these rates will still be available on the MAS website. For further enquiries, please contact the Monetary and Domestic Markets Management Department at 6229 9150.",,,,
 The Singapore Overnight Rate Average or SORA is the volume-weighted average rate of borrowing transactions in the unsecured overnight interbank SGD cash market in Singapore between 8.00am and 6.15pm.,,,,
 The SORA Publication Date is the same date as the SORA Compounded Index Value Date.,,,,
" For the Singapore Interbank Offered Rates (SIBOR) and Swap Offer Rates (SOR), please refer to the Association of Banks in Singapore's website.",,,,
